K,C_Avg,Execution Time (minutes)
2,0.96,288.15721206666666
5,1.059,84.09156379999999
10,1.092,48.25313476666667
15,1.118,38.307823983333336
