K,Execution_time,Cavg
50,19.5084422,1.153
55,18.310477433333332,1.157
60,17.793283283333334,1.128
65,17.52124695,1.113
70,17.070690116666665,1.127
75,16.662975083333333,1.119
80,16.235231516666666,1.125
85,15.937276616666667,1.116
90,15.354666233333335,1.139
95,15.311893099999999,1.149
100,14.931032083333333,1.155
